{
    "loss": 73.34605407714844,
    "accuracy": 0.7984496355056763
}